category,model,round_date,actual,forecast
Category A,naive,2025-09-15,119003.0,107889
Category A,naive,2025-10-01,128105.0,119003
Category A,naive,2025-10-15,122000.0,128105
Category A,naive,2025-11-01,110002.0,122000
Category A,naive,2025-11-15,109000.0,110002
Category A,naive,2025-12-01,105413.0,109000
Category A,naive,2025-12-15,109501.0,105413
Category A,naive,2026-01-01,102009.0,109501
Category A,naive,2026-01-15,109501.0,102009
Category A,naive,2026-02-01,106320.0,109501
Category A,naive,2026-02-15,106501.0,106320
Category A,naive,2026-03-01,108220.0,106501
Category A,naive,2026-03-15,111890.0,108220
Category A,naive,2026-04-01,118000.0,111890
Category A,naive,2026-04-15,123010.0,118000
Category A,naive,2026-05-01,124790.0,123010
Category A,naive,2026-05-15,124229.0,124790
Category A,naive,2026-06-01,126009.0,124229
Category A,naive,2026-06-15,123847.0,126009
Category A,naive,2026-07-01,129000.0,123847
Category A,naive,2026-07-15,126000.0,129000
Category A,naive,2026-08-01,123890.0,126000
Category A,naive,2026-08-15,128501.0,123890
Category A,naive,2026-09-01,133009.0,128501
Category A,arima,2025-09-15,119003.0,107623
Category A,arima,2025-10-01,128105.0,118289
Category A,arima,2025-10-15,122000.0,127159
Category A,arima,2025-11-01,110002.0,122212
Category A,arima,2025-11-15,109000.0,110761
Category A,arima,2025-12-01,105413.0,108506
Category A,arima,2025-12-15,109501.0,105180
Category A,arima,2026-01-01,102009.0,109965
Category A,arima,2026-01-15,109501.0,101642
Category A,arima,2026-02-01,106320.0,109234
Category A,arima,2026-02-15,106501.0,106507
Category A,arima,2026-03-01,108220.0,106643
Category A,arima,2026-03-15,111890.0,107932
Category A,arima,2026-04-01,118000.0,111626
Category A,arima,2026-04-15,123010.0,117464
Category A,arima,2026-05-01,124790.0,122325
Category A,arima,2026-05-15,124229.0,124457
Category A,arima,2026-06-01,126009.0,123967
Category A,arima,2026-06-15,123847.0,125364
Category A,arima,2026-07-01,129000.0,123576
Category A,arima,2026-07-15,126000.0,128648
Category A,arima,2026-08-01,123890.0,125473
Category A,arima,2026-08-15,128501.0,123983
Category A,arima,2026-09-01,133009.0,127999
Category A,arima+quota,2025-09-15,119003.0,107406
Category A,arima+quota,2025-10-01,128105.0,118030
Category A,arima+quota,2025-10-15,122000.0,126617
Category A,arima+quota,2025-11-01,110002.0,120857
Category A,arima+quota,2025-11-15,109000.0,109714
Category A,arima+quota,2025-12-01,105413.0,108839
Category A,arima+quota,2025-12-15,109501.0,105124
Category A,arima+quota,2026-01-01,102009.0,109806
Category A,arima+quota,2026-01-15,109501.0,101717
Category A,arima+quota,2026-02-01,106320.0,109263
Category A,arima+quota,2026-02-15,106501.0,106228
Category A,arima+quota,2026-03-01,108220.0,106658
Category A,arima+quota,2026-03-15,111890.0,107780
Category A,arima+quota,2026-04-01,118000.0,111372
Category A,arima+quota,2026-04-15,123010.0,117412
Category A,arima+quota,2026-05-01,124790.0,121941
Category A,arima+quota,2026-05-15,124229.0,124397
Category A,arima+quota,2026-06-01,126009.0,123788
Category A,arima+quota,2026-06-15,123847.0,125176
Category A,arima+quota,2026-07-01,129000.0,123409
Category A,arima+quota,2026-07-15,126000.0,128450
Category A,arima+quota,2026-08-01,123890.0,125420
Category A,arima+quota,2026-08-15,128501.0,124067
Category A,arima+quota,2026-09-01,133009.0,128212
Category A,log+drift,2025-09-15,119003.0,108086
Category A,log+drift,2025-10-01,128105.0,117774
Category A,log+drift,2025-10-15,122000.0,126116
Category A,log+drift,2025-11-01,110002.0,121794
Category A,log+drift,2025-11-15,109000.0,110724
Category A,log+drift,2025-12-01,105413.0,109470
Category A,log+drift,2025-12-15,109501.0,107367
Category A,log+drift,2026-01-01,102009.0,110900
Category A,log+drift,2026-01-15,109501.0,103660
Category A,log+drift,2026-02-01,106320.0,108904
Category A,log+drift,2026-02-15,106501.0,107665
Category A,log+drift,2026-03-01,108220.0,108083
Category A,log+drift,2026-03-15,111890.0,108204
Category A,log+drift,2026-04-01,118000.0,111384
Category A,log+drift,2026-04-15,123010.0,118170
Category A,log+drift,2026-05-01,124790.0,122959
Category A,log+drift,2026-05-15,124229.0,123705
Category A,log+drift,2026-06-01,126009.0,123334
Category A,log+drift,2026-06-15,123847.0,126078
Category A,log+drift,2026-07-01,129000.0,124929
Category A,log+drift,2026-07-15,126000.0,128025
Category A,log+drift,2026-08-01,123890.0,126101
Category A,log+drift,2026-08-15,128501.0,125007
Category A,log+drift,2026-09-01,133009.0,128632
Category A,log+drift+quota,2025-09-15,119003.0,103359
Category A,log+drift+quota,2025-10-01,128105.0,113749
Category A,log+drift+quota,2025-10-15,122000.0,127290
Category A,log+drift+quota,2025-11-01,110002.0,120723
Category A,log+drift+quota,2025-11-15,109000.0,110732
Category A,log+drift+quota,2025-12-01,105413.0,109521
Category A,log+drift+quota,2025-12-15,109501.0,106256
Category A,log+drift+quota,2026-01-01,102009.0,110405
Category A,log+drift+quota,2026-01-15,109501.0,105845
Category A,log+drift+quota,2026-02-01,106320.0,116658
Category A,log+drift+quota,2026-02-15,106501.0,100833
Category A,log+drift+quota,2026-03-01,108220.0,107215
Category A,log+drift+quota,2026-03-15,111890.0,113617
Category A,log+drift+quota,2026-04-01,118000.0,110792
Category A,log+drift+quota,2026-04-15,123010.0,111120
Category A,log+drift+quota,2026-05-01,124790.0,117698
Category A,log+drift+quota,2026-05-15,124229.0,125551
Category A,log+drift+quota,2026-06-01,126009.0,123502
Category A,log+drift+quota,2026-06-15,123847.0,125532
Category A,log+drift+quota,2026-07-01,129000.0,122695
Category A,log+drift+quota,2026-07-15,126000.0,129380
Category A,log+drift+quota,2026-08-01,123890.0,124315
Category A,log+drift+quota,2026-08-15,128501.0,127217
Category A,log+drift+quota,2026-09-01,133009.0,131939
Category B,naive,2025-09-15,136890.0,127501
Category B,naive,2025-10-01,141000.0,136890
Category B,naive,2025-10-15,131889.0,141000
Category B,naive,2025-11-01,115001.0,131889
Category B,naive,2025-11-15,129890.0,115001
Category B,naive,2025-12-01,123900.0,129890
Category B,naive,2025-12-15,115102.0,123900
Category B,naive,2026-01-01,119100.0,115102
Category B,naive,2026-01-15,121634.0,119100
Category B,naive,2026-02-01,110890.0,121634
Category B,naive,2026-02-15,105001.0,110890
Category B,naive,2026-03-01,114002.0,105001
Category B,naive,2026-03-15,115568.0,114002
Category B,naive,2026-04-01,121000.0,115568
Category B,naive,2026-04-15,121001.0,121000
Category B,naive,2026-05-01,126236.0,121001
Category B,naive,2026-05-15,129501.0,126236
Category B,naive,2026-06-01,126989.0,129501
Category B,naive,2026-06-15,123502.0,126989
Category B,naive,2026-07-01,130889.0,123502
Category B,naive,2026-07-15,129890.0,130889
Category B,naive,2026-08-01,129910.0,129890
Category B,naive,2026-08-15,131001.0,129910
Category B,naive,2026-09-01,135001.0,131001
Category B,arima,2025-09-15,136890.0,126762
Category B,arima,2025-10-01,141000.0,136140
Category B,arima,2025-10-15,131889.0,138235
Category B,arima,2025-11-01,115001.0,132220
Category B,arima,2025-11-15,129890.0,118600
Category B,arima,2025-12-01,123900.0,130659
Category B,arima,2025-12-15,115102.0,123256
Category B,arima,2026-01-01,119100.0,115338
Category B,arima,2026-01-15,121634.0,122629
Category B,arima,2026-02-01,110890.0,119249
Category B,arima,2026-02-15,105001.0,111259
Category B,arima,2026-03-01,114002.0,109448
Category B,arima,2026-03-15,115568.0,112801
Category B,arima,2026-04-01,121000.0,113833
Category B,arima,2026-04-15,121001.0,120672
Category B,arima,2026-05-01,126236.0,119811
Category B,arima,2026-05-15,129501.0,124948
Category B,arima,2026-06-01,126989.0,129228
Category B,arima,2026-06-15,123502.0,125560
Category B,arima,2026-07-01,130889.0,124697
Category B,arima,2026-07-15,129890.0,131061
Category B,arima,2026-08-01,129910.0,128012
Category B,arima,2026-08-15,131001.0,130111
Category B,arima,2026-09-01,135001.0,131706
Category B,arima+quota,2025-09-15,136890.0,126786
Category B,arima+quota,2025-10-01,141000.0,135285
Category B,arima+quota,2025-10-15,131889.0,138436
Category B,arima+quota,2025-11-01,115001.0,132187
Category B,arima+quota,2025-11-15,129890.0,118434
Category B,arima+quota,2025-12-01,123900.0,131290
Category B,arima+quota,2025-12-15,115102.0,122622
Category B,arima+quota,2026-01-01,119100.0,115397
Category B,arima+quota,2026-01-15,121634.0,123246
Category B,arima+quota,2026-02-01,110890.0,118933
Category B,arima+quota,2026-02-15,105001.0,111617
Category B,arima+quota,2026-03-01,114002.0,109265
Category B,arima+quota,2026-03-15,115568.0,112965
Category B,arima+quota,2026-04-01,121000.0,114167
Category B,arima+quota,2026-04-15,121001.0,120146
Category B,arima+quota,2026-05-01,126236.0,118847
Category B,arima+quota,2026-05-15,129501.0,125043
Category B,arima+quota,2026-06-01,126989.0,128438
Category B,arima+quota,2026-06-15,123502.0,125675
Category B,arima+quota,2026-07-01,130889.0,124969
Category B,arima+quota,2026-07-15,129890.0,130773
Category B,arima+quota,2026-08-01,129910.0,127489
Category B,arima+quota,2026-08-15,131001.0,129677
Category B,arima+quota,2026-09-01,135001.0,131453
Category B,log+drift,2025-09-15,136890.0,127389
Category B,log+drift,2025-10-01,141000.0,136442
Category B,log+drift,2025-10-15,131889.0,140150
Category B,log+drift,2025-11-01,115001.0,131294
Category B,log+drift,2025-11-15,129890.0,115700
Category B,log+drift,2025-12-01,123900.0,130882
Category B,log+drift,2025-12-15,115102.0,124907
Category B,log+drift,2026-01-01,119100.0,115580
Category B,log+drift,2026-01-15,121634.0,121220
Category B,log+drift,2026-02-01,110890.0,122079
Category B,log+drift,2026-02-15,105001.0,112019
Category B,log+drift,2026-03-01,114002.0,106242
Category B,log+drift,2026-03-15,115568.0,116435
Category B,log+drift,2026-04-01,121000.0,115383
Category B,log+drift,2026-04-15,121001.0,121363
Category B,log+drift,2026-05-01,126236.0,121047
Category B,log+drift,2026-05-15,129501.0,126667
Category B,log+drift,2026-06-01,126989.0,128678
Category B,log+drift,2026-06-15,123502.0,127229
Category B,log+drift,2026-07-01,130889.0,123708
Category B,log+drift,2026-07-15,129890.0,131517
Category B,log+drift,2026-08-01,129910.0,129877
Category B,log+drift,2026-08-15,131001.0,130330
Category B,log+drift,2026-09-01,135001.0,131257
Category B,log+drift+quota,2025-09-15,136890.0,127487
Category B,log+drift+quota,2025-10-01,141000.0,135417
Category B,log+drift+quota,2025-10-15,131889.0,140438
Category B,log+drift+quota,2025-11-01,115001.0,132259
Category B,log+drift+quota,2025-11-15,129890.0,116998
Category B,log+drift+quota,2025-12-01,123900.0,131959
Category B,log+drift+quota,2025-12-15,115102.0,123479
Category B,log+drift+quota,2026-01-01,119100.0,117001
Category B,log+drift+quota,2026-01-15,121634.0,121053
Category B,log+drift+quota,2026-02-01,110890.0,121880
Category B,log+drift+quota,2026-02-15,105001.0,112016
Category B,log+drift+quota,2026-03-01,114002.0,107015
Category B,log+drift+quota,2026-03-15,115568.0,115147
Category B,log+drift+quota,2026-04-01,121000.0,115263
Category B,log+drift+quota,2026-04-15,121001.0,120718
Category B,log+drift+quota,2026-05-01,126236.0,119194
Category B,log+drift+quota,2026-05-15,129501.0,126212
Category B,log+drift+quota,2026-06-01,126989.0,128433
Category B,log+drift+quota,2026-06-15,123502.0,127073
Category B,log+drift+quota,2026-07-01,130889.0,124667
Category B,log+drift+quota,2026-07-15,129890.0,131298
Category B,log+drift+quota,2026-08-01,129910.0,128605
Category B,log+drift+quota,2026-08-15,131001.0,130048
Category B,log+drift+quota,2026-09-01,135001.0,131391
Category C,naive,2025-09-15,72501.0,71556
Category C,naive,2025-10-01,74301.0,72501
Category C,naive,2025-10-15,76801.0,74301
Category C,naive,2025-11-01,76000.0,76801
Category C,naive,2025-11-15,76389.0,76000
Category C,naive,2025-12-01,76501.0,76389
Category C,naive,2025-12-15,77003.0,76501
Category C,naive,2026-01-01,75503.0,77003
Category C,naive,2026-01-15,75202.0,75503
Category C,naive,2026-02-01,74801.0,75202
Category C,naive,2026-02-15,74999.0,74801
Category C,naive,2026-03-01,76000.0,74999
Category C,naive,2026-03-15,78000.0,76000
Category C,naive,2026-04-01,80001.0,78000
Category C,naive,2026-04-15,83501.0,80001
Category C,naive,2026-05-01,87479.0,83501
Category C,naive,2026-05-15,92223.0,87479
Category C,naive,2026-06-01,94000.0,92223
Category C,naive,2026-06-15,93001.0,94000
Category C,naive,2026-07-01,95000.0,93001
Category C,naive,2026-07-15,93889.0,95000
Category C,naive,2026-08-01,91545.0,93889
Category C,naive,2026-08-15,90002.0,91545
Category C,naive,2026-09-01,93101.0,90002
Category C,arima,2025-09-15,72501.0,70899
Category C,arima,2025-10-01,74301.0,72366
Category C,arima,2025-10-15,76801.0,74516
Category C,arima,2025-11-01,76000.0,76925
Category C,arima,2025-11-15,76389.0,75239
Category C,arima,2025-12-01,76501.0,76132
Category C,arima,2025-12-15,77003.0,76403
Category C,arima,2026-01-01,75503.0,76888
Category C,arima,2026-01-15,75202.0,74987
Category C,arima,2026-02-01,74801.0,75137
Category C,arima,2026-02-15,74999.0,74839
Category C,arima,2026-03-01,76000.0,75078
Category C,arima,2026-03-15,78000.0,76269
Category C,arima,2026-04-01,80001.0,78363
Category C,arima,2026-04-15,83501.0,80165
Category C,arima,2026-05-01,87479.0,83877
Category C,arima,2026-05-15,92223.0,87791
Category C,arima,2026-06-01,94000.0,92481
Category C,arima,2026-06-15,93001.0,93380
Category C,arima,2026-07-01,95000.0,91805
Category C,arima,2026-07-15,93889.0,95071
Category C,arima,2026-08-01,91545.0,93209
Category C,arima,2026-08-15,90002.0,90576
Category C,arima,2026-09-01,93101.0,89769
Category C,arima+quota,2025-09-15,72501.0,70925
Category C,arima+quota,2025-10-01,74301.0,72337
Category C,arima+quota,2025-10-15,76801.0,74503
Category C,arima+quota,2025-11-01,76000.0,76898
Category C,arima+quota,2025-11-15,76389.0,75258
Category C,arima+quota,2025-12-01,76501.0,76097
Category C,arima+quota,2025-12-15,77003.0,76410
Category C,arima+quota,2026-01-01,75503.0,76879
Category C,arima+quota,2026-01-15,75202.0,75010
Category C,arima+quota,2026-02-01,74801.0,75111
Category C,arima+quota,2026-02-15,74999.0,74851
Category C,arima+quota,2026-03-01,76000.0,75082
Category C,arima+quota,2026-03-15,78000.0,76257
Category C,arima+quota,2026-04-01,80001.0,78342
Category C,arima+quota,2026-04-15,83501.0,80163
Category C,arima+quota,2026-05-01,87479.0,83835
Category C,arima+quota,2026-05-15,92223.0,87768
Category C,arima+quota,2026-06-01,94000.0,92443
Category C,arima+quota,2026-06-15,93001.0,93379
Category C,arima+quota,2026-07-01,95000.0,91795
Category C,arima+quota,2026-07-15,93889.0,95028
Category C,arima+quota,2026-08-01,91545.0,93225
Category C,arima+quota,2026-08-15,90002.0,90592
Category C,arima+quota,2026-09-01,93101.0,89760
Category C,log+drift,2025-09-15,72501.0,71020
Category C,log+drift,2025-10-01,74301.0,72451
Category C,log+drift,2025-10-15,76801.0,74608
Category C,log+drift,2025-11-01,76000.0,76909
Category C,log+drift,2025-11-15,76389.0,75394
Category C,log+drift,2025-12-01,76501.0,76275
Category C,log+drift,2025-12-15,77003.0,76613
Category C,log+drift,2026-01-01,75503.0,77054
Category C,log+drift,2026-01-15,75202.0,75283
Category C,log+drift,2026-02-01,74801.0,75401
Category C,log+drift,2026-02-15,74999.0,75124
Category C,log+drift,2026-03-01,76000.0,75312
Category C,log+drift,2026-03-15,78000.0,76466
Category C,log+drift,2026-04-01,80001.0,78485
Category C,log+drift,2026-04-15,83501.0,80236
Category C,log+drift,2026-05-01,87479.0,83836
Category C,log+drift,2026-05-15,92223.0,87656
Category C,log+drift,2026-06-01,94000.0,92177
Category C,log+drift,2026-06-15,93001.0,93205
Category C,log+drift,2026-07-01,95000.0,91893
Category C,log+drift,2026-07-15,93889.0,95098
Category C,log+drift,2026-08-01,91545.0,93463
Category C,log+drift,2026-08-15,90002.0,90946
Category C,log+drift,2026-09-01,93101.0,90226
Category C,log+drift+quota,2025-09-15,72501.0,71115
Category C,log+drift+quota,2025-10-01,74301.0,72423
Category C,log+drift+quota,2025-10-15,76801.0,74611
Category C,log+drift+quota,2025-11-01,76000.0,76780
Category C,log+drift+quota,2025-11-15,76389.0,75492
Category C,log+drift+quota,2025-12-01,76501.0,76190
Category C,log+drift+quota,2025-12-15,77003.0,76641
Category C,log+drift+quota,2026-01-01,75503.0,77045
Category C,log+drift+quota,2026-01-15,75202.0,75414
Category C,log+drift+quota,2026-02-01,74801.0,75350
Category C,log+drift+quota,2026-02-15,74999.0,75177
Category C,log+drift+quota,2026-03-01,76000.0,75315
Category C,log+drift+quota,2026-03-15,78000.0,76444
Category C,log+drift+quota,2026-04-01,80001.0,78454
Category C,log+drift+quota,2026-04-15,83501.0,80257
Category C,log+drift+quota,2026-05-01,87479.0,83775
Category C,log+drift+quota,2026-05-15,92223.0,87660
Category C,log+drift+quota,2026-06-01,94000.0,92158
Category C,log+drift+quota,2026-06-15,93001.0,93285
Category C,log+drift+quota,2026-07-01,95000.0,91947
Category C,log+drift+quota,2026-07-15,93889.0,95068
Category C,log+drift+quota,2026-08-01,91545.0,93539
Category C,log+drift+quota,2026-08-15,90002.0,91030
Category C,log+drift+quota,2026-09-01,93101.0,90223
Category D,naive,2025-09-15,9209.0,9101
Category D,naive,2025-10-01,9810.0,9209
Category D,naive,2025-10-15,9389.0,9810
Category D,naive,2025-11-01,8600.0,9389
Category D,naive,2025-11-15,8729.0,8600
Category D,naive,2025-12-01,8289.0,8729
Category D,naive,2025-12-15,8081.0,8289
Category D,naive,2026-01-01,8689.0,8081
Category D,naive,2026-01-15,8860.0,8689
Category D,naive,2026-02-01,8289.0,8860
Category D,naive,2026-02-15,7989.0,8289
Category D,naive,2026-03-01,8602.0,7989
Category D,naive,2026-03-15,9589.0,8602
Category D,naive,2026-04-01,10000.0,9589
Category D,naive,2026-04-15,9290.0,10000
Category D,naive,2026-05-01,9452.0,9290
Category D,naive,2026-05-15,9689.0,9452
Category D,naive,2026-06-01,10000.0,9689
Category D,naive,2026-06-15,9989.0,10000
Category D,naive,2026-07-01,10201.0,9989
Category D,naive,2026-07-15,10202.0,10201
Category D,naive,2026-08-01,10503.0,10202
Category D,naive,2026-08-15,11301.0,10503
Category D,naive,2026-09-01,12556.0,11301
Category D,arima,2025-09-15,9209.0,9062
Category D,arima,2025-10-01,9810.0,9160
Category D,arima,2025-10-15,9389.0,9599
Category D,arima,2025-11-01,8600.0,9443
Category D,arima,2025-11-15,8729.0,8871
Category D,arima,2025-12-01,8289.0,8795
Category D,arima,2025-12-15,8081.0,8457
Category D,arima,2026-01-01,8689.0,8210
Category D,arima,2026-01-15,8860.0,8548
Category D,arima,2026-02-01,8289.0,8752
Category D,arima,2026-02-15,7989.0,8427
Category D,arima,2026-03-01,8602.0,8138
Category D,arima,2026-03-15,9589.0,8468
Category D,arima,2026-04-01,10000.0,9224
Category D,arima,2026-04-15,9290.0,9725
Category D,arima,2026-05-01,9452.0,9389
Category D,arima,2026-05-15,9689.0,9442
Category D,arima,2026-06-01,10000.0,9613
Category D,arima,2026-06-15,9989.0,9871
Category D,arima,2026-07-01,10201.0,9938
Category D,arima,2026-07-15,10202.0,10114
Category D,arima,2026-08-01,10503.0,10166
Category D,arima,2026-08-15,11301.0,10395
Category D,arima,2026-09-01,12556.0,11012
Category D,arima+quota,2025-09-15,9209.0,9070
Category D,arima+quota,2025-10-01,9810.0,9180
Category D,arima+quota,2025-10-15,9389.0,9584
Category D,arima+quota,2025-11-01,8600.0,9417
Category D,arima+quota,2025-11-15,8729.0,8872
Category D,arima+quota,2025-12-01,8289.0,8827
Category D,arima+quota,2025-12-15,8081.0,8496
Category D,arima+quota,2026-01-01,8689.0,8227
Category D,arima+quota,2026-01-15,8860.0,8577
Category D,arima+quota,2026-02-01,8289.0,8727
Category D,arima+quota,2026-02-15,7989.0,8420
Category D,arima+quota,2026-03-01,8602.0,8155
Category D,arima+quota,2026-03-15,9589.0,8477
Category D,arima+quota,2026-04-01,10000.0,9231
Category D,arima+quota,2026-04-15,9290.0,9607
Category D,arima+quota,2026-05-01,9452.0,9406
Category D,arima+quota,2026-05-15,9689.0,9443
Category D,arima+quota,2026-06-01,10000.0,9609
Category D,arima+quota,2026-06-15,9989.0,9841
Category D,arima+quota,2026-07-01,10201.0,9918
Category D,arima+quota,2026-07-15,10202.0,10011
Category D,arima+quota,2026-08-01,10503.0,10221
Category D,arima+quota,2026-08-15,11301.0,10415
Category D,arima+quota,2026-09-01,12556.0,10986
Category D,log+drift,2025-09-15,9209.0,9128
Category D,log+drift,2025-10-01,9810.0,9230
Category D,log+drift,2025-10-15,9389.0,9715
Category D,log+drift,2025-11-01,8600.0,9520
Category D,log+drift,2025-11-15,8729.0,8891
Category D,log+drift,2025-12-01,8289.0,8827
Category D,log+drift,2025-12-15,8081.0,8457
Category D,log+drift,2026-01-01,8689.0,8223
Category D,log+drift,2026-01-15,8860.0,8610
Category D,log+drift,2026-02-01,8289.0,8830
Category D,log+drift,2026-02-15,7989.0,8474
Category D,log+drift,2026-03-01,8602.0,8165
Category D,log+drift,2026-03-15,9589.0,8532
Category D,log+drift,2026-04-01,10000.0,9342
Category D,log+drift,2026-04-15,9290.0,9874
Category D,log+drift,2026-05-01,9452.0,9492
Category D,log+drift,2026-05-15,9689.0,9537
Category D,log+drift,2026-06-01,10000.0,9696
Category D,log+drift,2026-06-15,9989.0,9975
Category D,log+drift,2026-07-01,10201.0,10038
Category D,log+drift,2026-07-15,10202.0,10222
Category D,log+drift,2026-08-01,10503.0,10262
Category D,log+drift,2026-08-15,11301.0,10505
Category D,log+drift,2026-09-01,12556.0,11154
Category D,log+drift+quota,2025-09-15,9209.0,9149
Category D,log+drift+quota,2025-10-01,9810.0,9272
Category D,log+drift+quota,2025-10-15,9389.0,9714
Category D,log+drift+quota,2025-11-01,8600.0,9495
Category D,log+drift+quota,2025-11-15,8729.0,8901
Category D,log+drift+quota,2025-12-01,8289.0,8876
Category D,log+drift+quota,2025-12-15,8081.0,8495
Category D,log+drift+quota,2026-01-01,8689.0,8218
Category D,log+drift+quota,2026-01-15,8860.0,8647
Category D,log+drift+quota,2026-02-01,8289.0,8786
Category D,log+drift+quota,2026-02-15,7989.0,8473
Category D,log+drift+quota,2026-03-01,8602.0,8188
Category D,log+drift+quota,2026-03-15,9589.0,8548
Category D,log+drift+quota,2026-04-01,10000.0,9382
Category D,log+drift+quota,2026-04-15,9290.0,9716
Category D,log+drift+quota,2026-05-01,9452.0,9591
Category D,log+drift+quota,2026-05-15,9689.0,9580
Category D,log+drift+quota,2026-06-01,10000.0,9712
Category D,log+drift+quota,2026-06-15,9989.0,9947
Category D,log+drift+quota,2026-07-01,10201.0,10033
Category D,log+drift+quota,2026-07-15,10202.0,10055
Category D,log+drift+quota,2026-08-01,10503.0,10420
Category D,log+drift+quota,2026-08-15,11301.0,10582
Category D,log+drift+quota,2026-09-01,12556.0,11150
Category E,naive,2025-09-15,140502.0,127901
Category E,naive,2025-10-01,140009.0,140502
Category E,naive,2025-10-15,136000.0,140009
Category E,naive,2025-11-01,121010.0,136000
Category E,naive,2025-11-15,125001.0,121010
Category E,naive,2025-12-01,123000.0,125001
Category E,naive,2025-12-15,119000.0,123000
Category E,naive,2026-01-01,122000.0,119000
Category E,naive,2026-01-15,120891.0,122000
Category E,naive,2026-02-01,116000.0,120891
Category E,naive,2026-02-15,112890.0,116000
Category E,naive,2026-03-01,114890.0,112890
Category E,naive,2026-03-15,118119.0,114890
Category E,naive,2026-04-01,121001.0,118119
Category E,naive,2026-04-15,125002.0,121001
Category E,naive,2026-05-01,127700.0,125002
Category E,naive,2026-05-15,130000.0,127700
Category E,naive,2026-06-01,129000.0,130000
Category E,naive,2026-06-15,129002.0,129000
Category E,naive,2026-07-01,129801.0,129002
Category E,naive,2026-07-15,129971.0,129801
Category E,naive,2026-08-01,131000.0,129971
Category E,naive,2026-08-15,135000.0,131000
Category E,naive,2026-09-01,137890.0,135000
Category E,arima,2025-09-15,140502.0,127928
Category E,arima,2025-10-01,140009.0,142025
Category E,arima,2025-10-15,136000.0,138494
Category E,arima,2025-11-01,121010.0,134519
Category E,arima,2025-11-15,125001.0,117934
Category E,arima,2025-12-01,123000.0,126442
Category E,arima,2025-12-15,119000.0,122847
Category E,arima,2026-01-01,122000.0,119032
Category E,arima,2026-01-15,120891.0,123362
Category E,arima,2026-02-01,116000.0,121239
Category E,arima,2026-02-15,112890.0,115886
Category E,arima,2026-03-01,114890.0,113236
Category E,arima,2026-03-15,118119.0,115985
Category E,arima,2026-04-01,121001.0,119031
Category E,arima,2026-04-15,125002.0,121545
Category E,arima,2026-05-01,127700.0,125451
Category E,arima,2026-05-15,130000.0,127594
Category E,arima,2026-06-01,129000.0,129674
Category E,arima,2026-06-15,129002.0,128013
Category E,arima,2026-07-01,129801.0,128358
Category E,arima,2026-07-15,129971.0,129336
Category E,arima,2026-08-01,131000.0,129488
Category E,arima,2026-08-15,135000.0,130802
Category E,arima,2026-09-01,137890.0,135323
Category E,arima+quota,2025-09-15,140502.0,127847
Category E,arima+quota,2025-10-01,140009.0,141778
Category E,arima+quota,2025-10-15,136000.0,138559
Category E,arima+quota,2025-11-01,121010.0,134192
Category E,arima+quota,2025-11-15,125001.0,118021
Category E,arima+quota,2025-12-01,123000.0,125893
Category E,arima+quota,2025-12-15,119000.0,122974
Category E,arima+quota,2026-01-01,122000.0,118935
Category E,arima+quota,2026-01-15,120891.0,123017
Category E,arima+quota,2026-02-01,116000.0,121637
Category E,arima+quota,2026-02-15,112890.0,116220
Category E,arima+quota,2026-03-01,114890.0,113144
Category E,arima+quota,2026-03-15,118119.0,116001
Category E,arima+quota,2026-04-01,121001.0,119115
Category E,arima+quota,2026-04-15,125002.0,121678
Category E,arima+quota,2026-05-01,127700.0,125371
Category E,arima+quota,2026-05-15,130000.0,127664
Category E,arima+quota,2026-06-01,129000.0,129645
Category E,arima+quota,2026-06-15,129002.0,128049
Category E,arima+quota,2026-07-01,129801.0,128169
Category E,arima+quota,2026-07-15,129971.0,129467
Category E,arima+quota,2026-08-01,131000.0,129520
Category E,arima+quota,2026-08-15,135000.0,130736
Category E,arima+quota,2026-09-01,137890.0,134760
Category E,log+drift,2025-09-15,140502.0,128275
Category E,log+drift,2025-10-01,140009.0,144066
Category E,log+drift,2025-10-15,136000.0,137907
Category E,log+drift,2025-11-01,121010.0,134537
Category E,log+drift,2025-11-15,125001.0,117012
Category E,log+drift,2025-12-01,123000.0,128074
Category E,log+drift,2025-12-15,119000.0,122785
Category E,log+drift,2026-01-01,122000.0,118364
Category E,log+drift,2026-01-15,120891.0,124061
Category E,log+drift,2026-02-01,116000.0,120769
Category E,log+drift,2026-02-15,112890.0,115179
Category E,log+drift,2026-03-01,114890.0,113108
Category E,log+drift,2026-03-15,118119.0,116621
Category E,log+drift,2026-04-01,121001.0,119618
Category E,log+drift,2026-04-15,125002.0,122037
Category E,log+drift,2026-05-01,127700.0,126272
Category E,log+drift,2026-05-15,130000.0,128486
Category E,log+drift,2026-06-01,129000.0,130436
Category E,log+drift,2026-06-15,129002.0,128446
Category E,log+drift,2026-07-01,129801.0,129113
Category E,log+drift,2026-07-15,129971.0,130161
Category E,log+drift,2026-08-01,131000.0,130061
Category E,log+drift,2026-08-15,135000.0,131448
Category E,log+drift,2026-09-01,137890.0,136280
Category E,log+drift+quota,2025-09-15,140502.0,128505
Category E,log+drift+quota,2025-10-01,140009.0,143531
Category E,log+drift+quota,2025-10-15,136000.0,139047
Category E,log+drift+quota,2025-11-01,121010.0,133881
Category E,log+drift+quota,2025-11-15,125001.0,117622
Category E,log+drift+quota,2025-12-01,123000.0,126709
Category E,log+drift+quota,2025-12-15,119000.0,124040
Category E,log+drift+quota,2026-01-01,122000.0,118515
Category E,log+drift+quota,2026-01-15,120891.0,123433
Category E,log+drift+quota,2026-02-01,116000.0,122060
Category E,log+drift+quota,2026-02-15,112890.0,115744
Category E,log+drift+quota,2026-03-01,114890.0,112968
Category E,log+drift+quota,2026-03-15,118119.0,116687
Category E,log+drift+quota,2026-04-01,121001.0,119927
Category E,log+drift+quota,2026-04-15,125002.0,122285
Category E,log+drift+quota,2026-05-01,127700.0,126049
Category E,log+drift+quota,2026-05-15,130000.0,128310
Category E,log+drift+quota,2026-06-01,129000.0,130388
Category E,log+drift+quota,2026-06-15,129002.0,128519
Category E,log+drift+quota,2026-07-01,129801.0,128831
Category E,log+drift+quota,2026-07-15,129971.0,130406
Category E,log+drift+quota,2026-08-01,131000.0,130327
Category E,log+drift+quota,2026-08-15,135000.0,131473
Category E,log+drift+quota,2026-09-01,137890.0,135505
